{
    "installed": {
        "client_id": "454863864041-rdkfqfr6m3cjebqchui1a75tagpq964m.apps.googleusercontent.com",
        "project_id": "upfront-automation",
        "auth_uri": "https://accounts.google.com/o/oauth2/auth",
        "token_uri": "https://oauth2.googleapis.com/token",
        "auth_provider_x509_cert_url": "https://www.googleapis.com/oauth2/v1/certs",
        "client_secret": "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",
        "redirect_uris": [
            "http://localhost"
        ]
    }
}